Filename,Model name
tesla_cybertuck (1).ashx,telsa_cybertruck
tesla_cybertuck (1).jpeg,telsa_cybertruck
tesla_cybertuck (1).jpg,telsa_cybertruck
tesla_cybertuck (1).php,telsa_cybertruck
tesla_cybertuck (1).png,telsa_cybertruck
tesla_cybertuck (10).jpg,telsa_cybertruck
tesla_cybertuck (10).png,telsa_cybertruck
tesla_cybertuck (100).jpg,telsa_cybertruck
tesla_cybertuck (101).jpg,telsa_cybertruck
tesla_cybertuck (102).jpg,telsa_cybertruck
tesla_cybertuck (103).jpg,telsa_cybertruck
tesla_cybertuck (104).jpg,telsa_cybertruck
tesla_cybertuck (105).jpg,telsa_cybertruck
tesla_cybertuck (106).jpg,telsa_cybertruck
tesla_cybertuck (107).jpg,telsa_cybertruck
tesla_cybertuck (108).jpg,telsa_cybertruck
tesla_cybertuck (109).jpg,telsa_cybertruck
tesla_cybertuck (11).jpg,telsa_cybertruck
tesla_cybertuck (11).png,telsa_cybertruck
tesla_cybertuck (110).jpg,telsa_cybertruck
tesla_cybertuck (111).jpg,telsa_cybertruck
tesla_cybertuck (112).jpg,telsa_cybertruck
tesla_cybertuck (113).jpg,telsa_cybertruck
tesla_cybertuck (114).jpg,telsa_cybertruck
tesla_cybertuck (115).jpg,telsa_cybertruck
tesla_cybertuck (116).jpg,telsa_cybertruck
tesla_cybertuck (117).jpg,telsa_cybertruck
tesla_cybertuck (118).jpg,telsa_cybertruck
tesla_cybertuck (119).jpg,telsa_cybertruck
tesla_cybertuck (12).jpg,telsa_cybertruck
tesla_cybertuck (12).png,telsa_cybertruck
tesla_cybertuck (120).jpg,telsa_cybertruck
tesla_cybertuck (121).jpg,telsa_cybertruck
tesla_cybertuck (122).jpg,telsa_cybertruck
tesla_cybertuck (123).jpg,telsa_cybertruck
tesla_cybertuck (124).jpg,telsa_cybertruck
tesla_cybertuck (125).jpg,telsa_cybertruck
tesla_cybertuck (126).jpg,telsa_cybertruck
tesla_cybertuck (127).jpg,telsa_cybertruck
tesla_cybertuck (13).jpg,telsa_cybertruck
tesla_cybertuck (13).PNG,telsa_cybertruck
tesla_cybertuck (14).jpg,telsa_cybertruck
tesla_cybertuck (14).png,telsa_cybertruck
tesla_cybertuck (15).jpg,telsa_cybertruck
tesla_cybertuck (15).png,telsa_cybertruck
tesla_cybertuck (16).jpg,telsa_cybertruck
tesla_cybertuck (17).jpg,telsa_cybertruck
tesla_cybertuck (18).jpg,telsa_cybertruck
tesla_cybertuck (19).jpg,telsa_cybertruck
tesla_cybertuck (2).jpeg,telsa_cybertruck
tesla_cybertuck (2).jpg,telsa_cybertruck
tesla_cybertuck (2).png,telsa_cybertruck
tesla_cybertuck (20).jpg,telsa_cybertruck
tesla_cybertuck (21).jpg,telsa_cybertruck
tesla_cybertuck (22).jpg,telsa_cybertruck
tesla_cybertuck (23).jpg,telsa_cybertruck
tesla_cybertuck (24).jpg,telsa_cybertruck
tesla_cybertuck (25).jpg,telsa_cybertruck
tesla_cybertuck (26).jpg,telsa_cybertruck
tesla_cybertuck (27).jpg,telsa_cybertruck
tesla_cybertuck (28).jpg,telsa_cybertruck
tesla_cybertuck (29).jpg,telsa_cybertruck
tesla_cybertuck (3).jpeg,telsa_cybertruck
tesla_cybertuck (3).jpg,telsa_cybertruck
tesla_cybertuck (3).png,telsa_cybertruck
tesla_cybertuck (30).jpg,telsa_cybertruck
tesla_cybertuck (31).jpg,telsa_cybertruck
tesla_cybertuck (32).jpg,telsa_cybertruck
tesla_cybertuck (33).jpg,telsa_cybertruck
tesla_cybertuck (34).jpg,telsa_cybertruck
tesla_cybertuck (35).jpg,telsa_cybertruck
tesla_cybertuck (36).jpg,telsa_cybertruck
tesla_cybertuck (37).jpg,telsa_cybertruck
tesla_cybertuck (38).jpg,telsa_cybertruck
tesla_cybertuck (39).jpg,telsa_cybertruck
tesla_cybertuck (4).jpeg,telsa_cybertruck
tesla_cybertuck (4).jpg,telsa_cybertruck
tesla_cybertuck (4).png,telsa_cybertruck
tesla_cybertuck (40).jpg,telsa_cybertruck
tesla_cybertuck (41).jpg,telsa_cybertruck
tesla_cybertuck (42).jpg,telsa_cybertruck
tesla_cybertuck (43).jpg,telsa_cybertruck
tesla_cybertuck (44).jpg,telsa_cybertruck
tesla_cybertuck (45).jpg,telsa_cybertruck
tesla_cybertuck (46).jpg,telsa_cybertruck
tesla_cybertuck (47).jpg,telsa_cybertruck
tesla_cybertuck (48).jpg,telsa_cybertruck
tesla_cybertuck (49).jpg,telsa_cybertruck
tesla_cybertuck (5).jpeg,telsa_cybertruck
tesla_cybertuck (5).jpg,telsa_cybertruck
tesla_cybertuck (5).png,telsa_cybertruck
tesla_cybertuck (50).jpg,telsa_cybertruck
tesla_cybertuck (51).jpg,telsa_cybertruck
tesla_cybertuck (52).jpg,telsa_cybertruck
tesla_cybertuck (53).jpg,telsa_cybertruck
tesla_cybertuck (54).jpg,telsa_cybertruck
tesla_cybertuck (55).jpg,telsa_cybertruck
tesla_cybertuck (56).jpg,telsa_cybertruck
tesla_cybertuck (57).jpg,telsa_cybertruck
tesla_cybertuck (58).jpg,telsa_cybertruck
tesla_cybertuck (59).jpg,telsa_cybertruck
tesla_cybertuck (6).jpg,telsa_cybertruck
tesla_cybertuck (6).png,telsa_cybertruck
tesla_cybertuck (60).jpg,telsa_cybertruck
tesla_cybertuck (61).jpg,telsa_cybertruck
tesla_cybertuck (62).jpg,telsa_cybertruck
tesla_cybertuck (63).jpg,telsa_cybertruck
tesla_cybertuck (64).jpg,telsa_cybertruck
tesla_cybertuck (65).jpg,telsa_cybertruck
tesla_cybertuck (66).jpg,telsa_cybertruck
tesla_cybertuck (67).jpg,telsa_cybertruck
tesla_cybertuck (68).jpg,telsa_cybertruck
tesla_cybertuck (69).jpg,telsa_cybertruck
tesla_cybertuck (7).jpg,telsa_cybertruck
tesla_cybertuck (7).png,telsa_cybertruck
tesla_cybertuck (70).jpg,telsa_cybertruck
tesla_cybertuck (71).jpg,telsa_cybertruck
tesla_cybertuck (72).jpg,telsa_cybertruck
tesla_cybertuck (73).JPG,telsa_cybertruck
tesla_cybertuck (74).JPG,telsa_cybertruck
tesla_cybertuck (75).jpg,telsa_cybertruck
tesla_cybertuck (76).jpg,telsa_cybertruck
tesla_cybertuck (77).jpg,telsa_cybertruck
tesla_cybertuck (78).jpg,telsa_cybertruck
tesla_cybertuck (79).jpg,telsa_cybertruck
tesla_cybertuck (8).jpg,telsa_cybertruck
tesla_cybertuck (8).png,telsa_cybertruck
tesla_cybertuck (80).jpg,telsa_cybertruck
tesla_cybertuck (81).jpg,telsa_cybertruck
tesla_cybertuck (82).jpg,telsa_cybertruck
tesla_cybertuck (83).jpg,telsa_cybertruck
tesla_cybertuck (84).jpg,telsa_cybertruck
tesla_cybertuck (85).jpg,telsa_cybertruck
tesla_cybertuck (86).jpg,telsa_cybertruck
tesla_cybertuck (87).jpg,telsa_cybertruck
tesla_cybertuck (88).jpg,telsa_cybertruck
tesla_cybertuck (89).jpg,telsa_cybertruck
tesla_cybertuck (9).jpg,telsa_cybertruck
tesla_cybertuck (9).png,telsa_cybertruck
tesla_cybertuck (90).jpg,telsa_cybertruck
tesla_cybertuck (91).jpg,telsa_cybertruck
tesla_cybertuck (92).jpg,telsa_cybertruck
tesla_cybertuck (93).jpg,telsa_cybertruck
tesla_cybertuck (94).jpg,telsa_cybertruck
tesla_cybertuck (95).jpg,telsa_cybertruck
tesla_cybertuck (96).jpg,telsa_cybertruck
tesla_cybertuck (97).jpg,telsa_cybertruck
tesla_cybertuck (98).jpg,telsa_cybertruck
tesla_cybertuck (99).jpg,telsa_cybertruck
tesla_model_3 (1).jpeg,tesla_model_3
tesla_model_3 (1).jpg,tesla_model_3
tesla_model_3 (1).png,tesla_model_3
tesla_model_3 (10).jpg,tesla_model_3
tesla_model_3 (10).png,tesla_model_3
tesla_model_3 (100).jpg,tesla_model_3
tesla_model_3 (101).jpg,tesla_model_3
tesla_model_3 (102).jpg,tesla_model_3
tesla_model_3 (103).jpg,tesla_model_3
tesla_model_3 (104).jpg,tesla_model_3
tesla_model_3 (105).jpg,tesla_model_3
tesla_model_3 (106).jpg,tesla_model_3
tesla_model_3 (107).jpg,tesla_model_3
tesla_model_3 (108).jpg,tesla_model_3
tesla_model_3 (109).jpg,tesla_model_3
tesla_model_3 (11).jpg,tesla_model_3
tesla_model_3 (11).png,tesla_model_3
tesla_model_3 (110).jpg,tesla_model_3
tesla_model_3 (111).jpg,tesla_model_3
tesla_model_3 (112).jpg,tesla_model_3
tesla_model_3 (113).jpg,tesla_model_3
tesla_model_3 (114).jpg,tesla_model_3
tesla_model_3 (115).jpg,tesla_model_3
tesla_model_3 (116).jpg,tesla_model_3
tesla_model_3 (117).jpg,tesla_model_3
tesla_model_3 (118).jpg,tesla_model_3
tesla_model_3 (119).jpg,tesla_model_3
tesla_model_3 (12).jpg,tesla_model_3
tesla_model_3 (12).png,tesla_model_3
tesla_model_3 (120).jpg,tesla_model_3
tesla_model_3 (121).jpg,tesla_model_3
tesla_model_3 (122).jpg,tesla_model_3
tesla_model_3 (123).jpg,tesla_model_3
tesla_model_3 (124).jpg,tesla_model_3
tesla_model_3 (125).jpg,tesla_model_3
tesla_model_3 (126).jpg,tesla_model_3
tesla_model_3 (127).jpg,tesla_model_3
tesla_model_3 (128).jpg,tesla_model_3
tesla_model_3 (129).jpg,tesla_model_3
tesla_model_3 (13).jpg,tesla_model_3
tesla_model_3 (13).png,tesla_model_3
tesla_model_3 (130).jpg,tesla_model_3
tesla_model_3 (131).jpg,tesla_model_3
tesla_model_3 (132).jpg,tesla_model_3
tesla_model_3 (133).jpg,tesla_model_3
tesla_model_3 (134).jpg,tesla_model_3
tesla_model_3 (135).jpg,tesla_model_3
tesla_model_3 (136).jpg,tesla_model_3
tesla_model_3 (137).jpg,tesla_model_3
tesla_model_3 (138).jpg,tesla_model_3
tesla_model_3 (139).jpg,tesla_model_3
tesla_model_3 (14).jpg,tesla_model_3
tesla_model_3 (14).png,tesla_model_3
tesla_model_3 (140).jpg,tesla_model_3
tesla_model_3 (141).jpg,tesla_model_3
tesla_model_3 (142).jpg,tesla_model_3
tesla_model_3 (143).jpg,tesla_model_3
tesla_model_3 (144).jpg,tesla_model_3
tesla_model_3 (145).jpg,tesla_model_3
tesla_model_3 (146).jpg,tesla_model_3
tesla_model_3 (147).jpg,tesla_model_3
tesla_model_3 (148).jpg,tesla_model_3
tesla_model_3 (149).jpg,tesla_model_3
tesla_model_3 (15).jpg,tesla_model_3
tesla_model_3 (15).png,tesla_model_3
tesla_model_3 (150).jpg,tesla_model_3
tesla_model_3 (151).jpg,tesla_model_3
tesla_model_3 (152).jpg,tesla_model_3
tesla_model_3 (153).jpg,tesla_model_3
tesla_model_3 (154).jpg,tesla_model_3
tesla_model_3 (155).jpg,tesla_model_3
tesla_model_3 (156).jpg,tesla_model_3
tesla_model_3 (157).jpg,tesla_model_3
tesla_model_3 (158).jpg,tesla_model_3
tesla_model_3 (159).jpg,tesla_model_3
tesla_model_3 (16).jpg,tesla_model_3
tesla_model_3 (16).png,tesla_model_3
tesla_model_3 (160).jpg,tesla_model_3
tesla_model_3 (161).jpg,tesla_model_3
tesla_model_3 (162).jpg,tesla_model_3
tesla_model_3 (163).jpg,tesla_model_3
tesla_model_3 (164).jpg,tesla_model_3
tesla_model_3 (165).jpg,tesla_model_3
tesla_model_3 (166).jpg,tesla_model_3
tesla_model_3 (167).jpg,tesla_model_3
tesla_model_3 (168).jpg,tesla_model_3
tesla_model_3 (169).jpg,tesla_model_3
tesla_model_3 (17).jpg,tesla_model_3
tesla_model_3 (170).jpg,tesla_model_3
tesla_model_3 (171).jpg,tesla_model_3
tesla_model_3 (172).jpg,tesla_model_3
tesla_model_3 (173).jpg,tesla_model_3
tesla_model_3 (174).jpg,tesla_model_3
tesla_model_3 (175).jpg,tesla_model_3
tesla_model_3 (176).jpg,tesla_model_3
tesla_model_3 (177).jpg,tesla_model_3
tesla_model_3 (178).jpg,tesla_model_3
tesla_model_3 (179).jpg,tesla_model_3
tesla_model_3 (18).jpg,tesla_model_3
tesla_model_3 (180).jpg,tesla_model_3
tesla_model_3 (181).jpg,tesla_model_3
tesla_model_3 (182).jpg,tesla_model_3
tesla_model_3 (183).jpg,tesla_model_3
tesla_model_3 (184).jpg,tesla_model_3
tesla_model_3 (185).jpg,tesla_model_3
tesla_model_3 (186).jpg,tesla_model_3
tesla_model_3 (187).jpg,tesla_model_3
tesla_model_3 (188).jpg,tesla_model_3
tesla_model_3 (189).jpg,tesla_model_3
tesla_model_3 (19).jpg,tesla_model_3
tesla_model_3 (190).jpg,tesla_model_3
tesla_model_3 (191).jpg,tesla_model_3
tesla_model_3 (192).jpg,tesla_model_3
tesla_model_3 (193).jpg,tesla_model_3
tesla_model_3 (194).jpg,tesla_model_3
tesla_model_3 (195).jpg,tesla_model_3
tesla_model_3 (196).jpg,tesla_model_3
tesla_model_3 (197).jpg,tesla_model_3
tesla_model_3 (198).jpg,tesla_model_3
tesla_model_3 (199).jpg,tesla_model_3
tesla_model_3 (2).jpeg,tesla_model_3
tesla_model_3 (2).jpg,tesla_model_3
tesla_model_3 (2).png,tesla_model_3
tesla_model_3 (20).jpg,tesla_model_3
tesla_model_3 (200).jpg,tesla_model_3
tesla_model_3 (201).jpg,tesla_model_3
tesla_model_3 (202).jpg,tesla_model_3
tesla_model_3 (203).jpg,tesla_model_3
tesla_model_3 (204).jpg,tesla_model_3
tesla_model_3 (205).jpg,tesla_model_3
tesla_model_3 (206).jpg,tesla_model_3
tesla_model_3 (207).jpg,tesla_model_3
tesla_model_3 (208).jpg,tesla_model_3
tesla_model_3 (21).jpg,tesla_model_3
tesla_model_3 (22).jpg,tesla_model_3
tesla_model_3 (23).jpg,tesla_model_3
tesla_model_3 (24).jpg,tesla_model_3
tesla_model_3 (25).jpg,tesla_model_3
tesla_model_3 (26).jpg,tesla_model_3
tesla_model_3 (27).jpg,tesla_model_3
tesla_model_3 (28).jpg,tesla_model_3
tesla_model_3 (29).jpg,tesla_model_3
tesla_model_3 (3).jpeg,tesla_model_3
tesla_model_3 (3).jpg,tesla_model_3
tesla_model_3 (3).png,tesla_model_3
tesla_model_3 (30).jpg,tesla_model_3
tesla_model_3 (31).jpg,tesla_model_3
tesla_model_3 (32).jpg,tesla_model_3
tesla_model_3 (33).jpg,tesla_model_3
tesla_model_3 (34).jpg,tesla_model_3
tesla_model_3 (35).jpg,tesla_model_3
tesla_model_3 (36).jpg,tesla_model_3
tesla_model_3 (37).jpg,tesla_model_3
tesla_model_3 (38).jpg,tesla_model_3
tesla_model_3 (39).jpg,tesla_model_3
tesla_model_3 (4).jpeg,tesla_model_3
tesla_model_3 (4).jpg,tesla_model_3
tesla_model_3 (4).png,tesla_model_3
tesla_model_3 (40).jpg,tesla_model_3
tesla_model_3 (41).jpg,tesla_model_3
tesla_model_3 (42).jpg,tesla_model_3
tesla_model_3 (43).jpg,tesla_model_3
tesla_model_3 (44).jpg,tesla_model_3
tesla_model_3 (45).jpg,tesla_model_3
tesla_model_3 (46).jpg,tesla_model_3
tesla_model_3 (47).jpg,tesla_model_3
tesla_model_3 (48).jpg,tesla_model_3
tesla_model_3 (49).jpg,tesla_model_3
tesla_model_3 (5).jpeg,tesla_model_3
tesla_model_3 (5).jpg,tesla_model_3
tesla_model_3 (5).png,tesla_model_3
tesla_model_3 (50).jpg,tesla_model_3
tesla_model_3 (51).jpg,tesla_model_3
tesla_model_3 (52).jpg,tesla_model_3
tesla_model_3 (53).jpg,tesla_model_3
tesla_model_3 (54).jpg,tesla_model_3
tesla_model_3 (55).jpg,tesla_model_3
tesla_model_3 (56).jpg,tesla_model_3
tesla_model_3 (57).jpg,tesla_model_3
tesla_model_3 (58).jpg,tesla_model_3
tesla_model_3 (59).jpg,tesla_model_3
tesla_model_3 (6).jpeg,tesla_model_3
tesla_model_3 (6).jpg,tesla_model_3
tesla_model_3 (6).png,tesla_model_3
tesla_model_3 (60).jpg,tesla_model_3
tesla_model_3 (61).jpg,tesla_model_3
tesla_model_3 (62).jpg,tesla_model_3
tesla_model_3 (63).jpg,tesla_model_3
tesla_model_3 (64).jpg,tesla_model_3
tesla_model_3 (65).jpg,tesla_model_3
tesla_model_3 (66).jpg,tesla_model_3
tesla_model_3 (67).jpg,tesla_model_3
tesla_model_3 (68).jpg,tesla_model_3
tesla_model_3 (69).jpg,tesla_model_3
tesla_model_3 (7).jpeg,tesla_model_3
tesla_model_3 (7).jpg,tesla_model_3
tesla_model_3 (7).png,tesla_model_3
tesla_model_3 (70).jpg,tesla_model_3
tesla_model_3 (71).jpg,tesla_model_3
tesla_model_3 (72).jpg,tesla_model_3
tesla_model_3 (73).jpg,tesla_model_3
tesla_model_3 (74).jpg,tesla_model_3
tesla_model_3 (75).jpg,tesla_model_3
tesla_model_3 (76).jpg,tesla_model_3
tesla_model_3 (77).jpg,tesla_model_3
tesla_model_3 (78).jpg,tesla_model_3
tesla_model_3 (79).jpg,tesla_model_3
tesla_model_3 (8).jpg,tesla_model_3
tesla_model_3 (8).png,tesla_model_3
tesla_model_3 (80).jpg,tesla_model_3
tesla_model_3 (81).jpg,tesla_model_3
tesla_model_3 (82).jpg,tesla_model_3
tesla_model_3 (83).jpg,tesla_model_3
tesla_model_3 (84).jpg,tesla_model_3
tesla_model_3 (85).jpg,tesla_model_3
tesla_model_3 (86).jpg,tesla_model_3
tesla_model_3 (87).jpg,tesla_model_3
tesla_model_3 (88).jpg,tesla_model_3
tesla_model_3 (89).jpg,tesla_model_3
tesla_model_3 (9).jpg,tesla_model_3
tesla_model_3 (9).png,tesla_model_3
tesla_model_3 (90).jpg,tesla_model_3
tesla_model_3 (91).jpg,tesla_model_3
tesla_model_3 (92).jpg,tesla_model_3
tesla_model_3 (93).jpg,tesla_model_3
tesla_model_3 (94).jpg,tesla_model_3
tesla_model_3 (95).jpg,tesla_model_3
tesla_model_3 (96).jpg,tesla_model_3
tesla_model_3 (97).jpg,tesla_model_3
tesla_model_3 (98).jpg,tesla_model_3
tesla_model_3 (99).jpg,tesla_model_3
tesla_model_s (1).jpeg,tesla_model_s
tesla_model_s (1).jpg,tesla_model_s
tesla_model_s (1).png,tesla_model_s
tesla_model_s (10).jpg,tesla_model_s
tesla_model_s (100).jpg,tesla_model_s
tesla_model_s (101).JPG,tesla_model_s
tesla_model_s (102).jpg,tesla_model_s
tesla_model_s (103).jpg,tesla_model_s
tesla_model_s (104).jpg,tesla_model_s
tesla_model_s (105).jpg,tesla_model_s
tesla_model_s (106).jpg,tesla_model_s
tesla_model_s (107).jpg,tesla_model_s
tesla_model_s (108).jpg,tesla_model_s
tesla_model_s (109).jpg,tesla_model_s
tesla_model_s (11).jpg,tesla_model_s
tesla_model_s (110).jpg,tesla_model_s
tesla_model_s (111).jpg,tesla_model_s
tesla_model_s (112).jpg,tesla_model_s
tesla_model_s (113).jpg,tesla_model_s
tesla_model_s (114).jpg,tesla_model_s
tesla_model_s (115).jpg,tesla_model_s
tesla_model_s (116).jpg,tesla_model_s
tesla_model_s (117).jpg,tesla_model_s
tesla_model_s (118).jpg,tesla_model_s
tesla_model_s (119).jpg,tesla_model_s
tesla_model_s (12).jpg,tesla_model_s
tesla_model_s (120).jpg,tesla_model_s
tesla_model_s (121).jpg,tesla_model_s
tesla_model_s (122).jpg,tesla_model_s
tesla_model_s (123).jpg,tesla_model_s
tesla_model_s (124).jpg,tesla_model_s
tesla_model_s (125).jpg,tesla_model_s
tesla_model_s (126).jpg,tesla_model_s
tesla_model_s (127).jpg,tesla_model_s
tesla_model_s (128).jpg,tesla_model_s
tesla_model_s (129).JPG,tesla_model_s
tesla_model_s (13).jpg,tesla_model_s
tesla_model_s (130).jpg,tesla_model_s
tesla_model_s (131).jpg,tesla_model_s
tesla_model_s (132).jpg,tesla_model_s
tesla_model_s (133).jpg,tesla_model_s
tesla_model_s (134).jpg,tesla_model_s
tesla_model_s (135).jpg,tesla_model_s
tesla_model_s (136).jpg,tesla_model_s
tesla_model_s (137).jpg,tesla_model_s
tesla_model_s (138).jpg,tesla_model_s
tesla_model_s (139).jpg,tesla_model_s
tesla_model_s (14).jpg,tesla_model_s
tesla_model_s (140).jpg,tesla_model_s
tesla_model_s (141).jpg,tesla_model_s
tesla_model_s (142).jpg,tesla_model_s
tesla_model_s (143).jpg,tesla_model_s
tesla_model_s (144).jpg,tesla_model_s
tesla_model_s (145).jpg,tesla_model_s
tesla_model_s (146).jpg,tesla_model_s
tesla_model_s (147).jpg,tesla_model_s
tesla_model_s (148).jpg,tesla_model_s
tesla_model_s (149).jpg,tesla_model_s
tesla_model_s (15).jpg,tesla_model_s
tesla_model_s (150).jpg,tesla_model_s
tesla_model_s (151).jpg,tesla_model_s
tesla_model_s (152).jpg,tesla_model_s
tesla_model_s (153).jpg,tesla_model_s
tesla_model_s (154).jpg,tesla_model_s
tesla_model_s (155).jpg,tesla_model_s
tesla_model_s (156).jpg,tesla_model_s
tesla_model_s (157).jpg,tesla_model_s
tesla_model_s (158).jpg,tesla_model_s
tesla_model_s (159).jpg,tesla_model_s
tesla_model_s (16).jpg,tesla_model_s
tesla_model_s (160).jpg,tesla_model_s
tesla_model_s (161).jpg,tesla_model_s
tesla_model_s (162).jpg,tesla_model_s
tesla_model_s (163).jpg,tesla_model_s
tesla_model_s (164).jpg,tesla_model_s
tesla_model_s (165).jpg,tesla_model_s
tesla_model_s (166).jpg,tesla_model_s
tesla_model_s (167).jpg,tesla_model_s
tesla_model_s (168).jpg,tesla_model_s
tesla_model_s (169).jpg,tesla_model_s
tesla_model_s (17).jpg,tesla_model_s
tesla_model_s (170).jpg,tesla_model_s
tesla_model_s (171).jpg,tesla_model_s
tesla_model_s (172).jpg,tesla_model_s
tesla_model_s (173).jpg,tesla_model_s
tesla_model_s (174).jpg,tesla_model_s
tesla_model_s (175).jpg,tesla_model_s
tesla_model_s (176).jpg,tesla_model_s
tesla_model_s (177).jpg,tesla_model_s
tesla_model_s (178).jpg,tesla_model_s
tesla_model_s (179).jpg,tesla_model_s
tesla_model_s (18).jpg,tesla_model_s
tesla_model_s (180).jpg,tesla_model_s
tesla_model_s (181).jpg,tesla_model_s
tesla_model_s (182).jpg,tesla_model_s
tesla_model_s (183).jpg,tesla_model_s
tesla_model_s (184).jpg,tesla_model_s
tesla_model_s (185).jpg,tesla_model_s
tesla_model_s (186).jpg,tesla_model_s
tesla_model_s (187).jpg,tesla_model_s
tesla_model_s (188).jpg,tesla_model_s
tesla_model_s (189).jpg,tesla_model_s
tesla_model_s (19).jpg,tesla_model_s
tesla_model_s (190).jpg,tesla_model_s
tesla_model_s (191).jpg,tesla_model_s
tesla_model_s (192).jpg,tesla_model_s
tesla_model_s (193).jpg,tesla_model_s
tesla_model_s (194).jpg,tesla_model_s
tesla_model_s (195).jpg,tesla_model_s
tesla_model_s (196).jpg,tesla_model_s
tesla_model_s (197).jpg,tesla_model_s
tesla_model_s (198).jpg,tesla_model_s
tesla_model_s (199).jpg,tesla_model_s
tesla_model_s (2).jpeg,tesla_model_s
tesla_model_s (2).JPG,tesla_model_s
tesla_model_s (2).png,tesla_model_s
tesla_model_s (20).jpg,tesla_model_s
tesla_model_s (200).jpg,tesla_model_s
tesla_model_s (201).jpg,tesla_model_s
tesla_model_s (202).jpg,tesla_model_s
tesla_model_s (203).jpg,tesla_model_s
tesla_model_s (204).jpg,tesla_model_s
tesla_model_s (205).jpg,tesla_model_s
tesla_model_s (206).jpg,tesla_model_s
tesla_model_s (207).jpg,tesla_model_s
tesla_model_s (208).jpg,tesla_model_s
tesla_model_s (209).jpg,tesla_model_s
tesla_model_s (21).jpg,tesla_model_s
tesla_model_s (210).jpg,tesla_model_s
tesla_model_s (211).jpg,tesla_model_s
tesla_model_s (212).jpg,tesla_model_s
tesla_model_s (213).jpg,tesla_model_s
tesla_model_s (214).jpg,tesla_model_s
tesla_model_s (215).jpg,tesla_model_s
tesla_model_s (216).jpg,tesla_model_s
tesla_model_s (217).jpg,tesla_model_s
tesla_model_s (218).jpg,tesla_model_s
tesla_model_s (219).jpg,tesla_model_s
tesla_model_s (22).jpg,tesla_model_s
tesla_model_s (220).jpg,tesla_model_s
tesla_model_s (221).jpg,tesla_model_s
tesla_model_s (222).jpg,tesla_model_s
tesla_model_s (223).jpg,tesla_model_s
tesla_model_s (224).jpg,tesla_model_s
tesla_model_s (225).jpg,tesla_model_s
tesla_model_s (226).jpg,tesla_model_s
tesla_model_s (227).jpg,tesla_model_s
tesla_model_s (228).jpg,tesla_model_s
tesla_model_s (229).jpg,tesla_model_s
tesla_model_s (23).jpg,tesla_model_s
tesla_model_s (230).jpg,tesla_model_s
tesla_model_s (231).jpg,tesla_model_s
tesla_model_s (232).jpg,tesla_model_s
tesla_model_s (233).jpg,tesla_model_s
tesla_model_s (234).jpg,tesla_model_s
tesla_model_s (235).jpg,tesla_model_s
tesla_model_s (236).jpg,tesla_model_s
tesla_model_s (237).jpg,tesla_model_s
tesla_model_s (238).jpg,tesla_model_s
tesla_model_s (239).jpg,tesla_model_s
tesla_model_s (24).jpg,tesla_model_s
tesla_model_s (240).jpg,tesla_model_s
tesla_model_s (241).jpg,tesla_model_s
tesla_model_s (242).jpg,tesla_model_s
tesla_model_s (243).jpg,tesla_model_s
tesla_model_s (244).jpg,tesla_model_s
tesla_model_s (245).jpg,tesla_model_s
tesla_model_s (246).jpg,tesla_model_s
tesla_model_s (247).jpg,tesla_model_s
tesla_model_s (248).jpg,tesla_model_s
tesla_model_s (249).jpg,tesla_model_s
tesla_model_s (25).JPG,tesla_model_s
tesla_model_s (250).jpg,tesla_model_s
tesla_model_s (251).jpg,tesla_model_s
tesla_model_s (252).jpg,tesla_model_s
tesla_model_s (253).jpg,tesla_model_s
tesla_model_s (254).jpg,tesla_model_s
tesla_model_s (26).jpg,tesla_model_s
tesla_model_s (27).jpg,tesla_model_s
tesla_model_s (28).jpg,tesla_model_s
tesla_model_s (29).jpg,tesla_model_s
tesla_model_s (3).jpeg,tesla_model_s
tesla_model_s (3).jpg,tesla_model_s
tesla_model_s (3).png,tesla_model_s
tesla_model_s (30).jpg,tesla_model_s
tesla_model_s (31).jpg,tesla_model_s
tesla_model_s (32).jpg,tesla_model_s
tesla_model_s (33).jpg,tesla_model_s
tesla_model_s (34).jpg,tesla_model_s
tesla_model_s (35).jpg,tesla_model_s
tesla_model_s (36).jpg,tesla_model_s
tesla_model_s (37).jpg,tesla_model_s
tesla_model_s (38).jpg,tesla_model_s
tesla_model_s (39).jpg,tesla_model_s
tesla_model_s (4).jpeg,tesla_model_s
tesla_model_s (4).jpg,tesla_model_s
tesla_model_s (4).png,tesla_model_s
tesla_model_s (40).jpg,tesla_model_s
tesla_model_s (41).jpg,tesla_model_s
tesla_model_s (42).jpg,tesla_model_s
tesla_model_s (43).jpg,tesla_model_s
tesla_model_s (44).jpg,tesla_model_s
tesla_model_s (45).jpg,tesla_model_s
tesla_model_s (46).jpg,tesla_model_s
tesla_model_s (47).jpg,tesla_model_s
tesla_model_s (48).jpg,tesla_model_s
tesla_model_s (49).jpg,tesla_model_s
tesla_model_s (5).jpeg,tesla_model_s
tesla_model_s (5).jpg,tesla_model_s
tesla_model_s (5).png,tesla_model_s
tesla_model_s (50).jpg,tesla_model_s
tesla_model_s (51).jpg,tesla_model_s
tesla_model_s (52).jpg,tesla_model_s
tesla_model_s (53).jpg,tesla_model_s
tesla_model_s (54).jpg,tesla_model_s
tesla_model_s (55).jpg,tesla_model_s
tesla_model_s (56).jpg,tesla_model_s
tesla_model_s (57).jpg,tesla_model_s
tesla_model_s (58).jpg,tesla_model_s
tesla_model_s (59).jpg,tesla_model_s
tesla_model_s (6).jpeg,tesla_model_s
tesla_model_s (6).jpg,tesla_model_s
tesla_model_s (6).png,tesla_model_s
tesla_model_s (60).jpg,tesla_model_s
tesla_model_s (61).jpg,tesla_model_s
tesla_model_s (62).jpg,tesla_model_s
tesla_model_s (63).jpg,tesla_model_s
tesla_model_s (64).JPG,tesla_model_s
tesla_model_s (65).jpg,tesla_model_s
tesla_model_s (66).jpg,tesla_model_s
tesla_model_s (67).jpg,tesla_model_s
tesla_model_s (68).jpg,tesla_model_s
tesla_model_s (69).jpg,tesla_model_s
tesla_model_s (7).jpg,tesla_model_s
tesla_model_s (7).png,tesla_model_s
tesla_model_s (70).jpg,tesla_model_s
tesla_model_s (71).jpg,tesla_model_s
tesla_model_s (72).jpg,tesla_model_s
tesla_model_s (73).jpg,tesla_model_s
tesla_model_s (74).jpg,tesla_model_s
tesla_model_s (75).jpg,tesla_model_s
tesla_model_s (76).JPG,tesla_model_s
tesla_model_s (77).jpg,tesla_model_s
tesla_model_s (78).jpg,tesla_model_s
tesla_model_s (79).jpg,tesla_model_s
tesla_model_s (8).jpg,tesla_model_s
tesla_model_s (80).jpg,tesla_model_s
tesla_model_s (81).jpg,tesla_model_s
tesla_model_s (82).jpg,tesla_model_s
tesla_model_s (83).jpg,tesla_model_s
tesla_model_s (84).JPG,tesla_model_s
tesla_model_s (85).jpg,tesla_model_s
tesla_model_s (86).jpg,tesla_model_s
tesla_model_s (87).jpg,tesla_model_s
tesla_model_s (88).jpg,tesla_model_s
tesla_model_s (89).jpg,tesla_model_s
tesla_model_s (9).jpg,tesla_model_s
tesla_model_s (90).jpg,tesla_model_s
tesla_model_s (91).jpg,tesla_model_s
tesla_model_s (92).jpg,tesla_model_s
tesla_model_s (93).jpg,tesla_model_s
tesla_model_s (94).jpg,tesla_model_s
tesla_model_s (95).jpg,tesla_model_s
tesla_model_s (96).jpg,tesla_model_s
tesla_model_s (97).jpg,tesla_model_s
tesla_model_s (98).jpg,tesla_model_s
tesla_model_s (99).jpg,tesla_model_s
telsa_model_x (1).img,tesla_model_x
telsa_model_x (1).jpeg,tesla_model_x
telsa_model_x (1).jpg,tesla_model_x
telsa_model_x (1).png,tesla_model_x
telsa_model_x (10).jpg,tesla_model_x
telsa_model_x (100).jpg,tesla_model_x
telsa_model_x (101).jpg,tesla_model_x
telsa_model_x (102).jpg,tesla_model_x
telsa_model_x (103).jpg,tesla_model_x
telsa_model_x (104).jpg,tesla_model_x
telsa_model_x (105).jpg,tesla_model_x
telsa_model_x (106).jpg,tesla_model_x
telsa_model_x (107).jpg,tesla_model_x
telsa_model_x (108).jpg,tesla_model_x
telsa_model_x (109).jpg,tesla_model_x
telsa_model_x (11).jpg,tesla_model_x
telsa_model_x (110).jpg,tesla_model_x
telsa_model_x (111).jpg,tesla_model_x
telsa_model_x (112).jpg,tesla_model_x
telsa_model_x (113).jpg,tesla_model_x
telsa_model_x (114).jpg,tesla_model_x
telsa_model_x (115).jpg,tesla_model_x
telsa_model_x (116).jpg,tesla_model_x
telsa_model_x (117).jpg,tesla_model_x
telsa_model_x (118).jpg,tesla_model_x
telsa_model_x (119).jpg,tesla_model_x
telsa_model_x (12).jpg,tesla_model_x
telsa_model_x (120).jpg,tesla_model_x
telsa_model_x (121).jpg,tesla_model_x
telsa_model_x (122).jpg,tesla_model_x
telsa_model_x (123).jpg,tesla_model_x
telsa_model_x (124).jpg,tesla_model_x
telsa_model_x (125).jpg,tesla_model_x
telsa_model_x (126).jpg,tesla_model_x
telsa_model_x (127).jpg,tesla_model_x
telsa_model_x (128).jpg,tesla_model_x
telsa_model_x (129).jpg,tesla_model_x
telsa_model_x (13).jpg,tesla_model_x
telsa_model_x (130).jpg,tesla_model_x
telsa_model_x (131).jpg,tesla_model_x
telsa_model_x (132).jpg,tesla_model_x
telsa_model_x (133).jpg,tesla_model_x
telsa_model_x (134).jpg,tesla_model_x
telsa_model_x (135).jpg,tesla_model_x
telsa_model_x (136).jpg,tesla_model_x
telsa_model_x (137).jpg,tesla_model_x
telsa_model_x (138).jpg,tesla_model_x
telsa_model_x (139).jpg,tesla_model_x
telsa_model_x (14).jpg,tesla_model_x
telsa_model_x (140).jpg,tesla_model_x
telsa_model_x (141).jpg,tesla_model_x
telsa_model_x (142).jpg,tesla_model_x
telsa_model_x (143).jpg,tesla_model_x
telsa_model_x (144).jpg,tesla_model_x
telsa_model_x (145).jpg,tesla_model_x
telsa_model_x (146).jpg,tesla_model_x
telsa_model_x (147).jpg,tesla_model_x
telsa_model_x (148).jpg,tesla_model_x
telsa_model_x (149).jpg,tesla_model_x
telsa_model_x (15).jpg,tesla_model_x
telsa_model_x (150).jpg,tesla_model_x
telsa_model_x (151).jpg,tesla_model_x
telsa_model_x (152).jpg,tesla_model_x
telsa_model_x (153).jpg,tesla_model_x
telsa_model_x (154).jpg,tesla_model_x
telsa_model_x (155).jpg,tesla_model_x
telsa_model_x (156).jpg,tesla_model_x
telsa_model_x (157).jpg,tesla_model_x
telsa_model_x (158).jpg,tesla_model_x
telsa_model_x (159).jpg,tesla_model_x
telsa_model_x (16).jpg,tesla_model_x
telsa_model_x (160).jpg,tesla_model_x
telsa_model_x (161).jpg,tesla_model_x
telsa_model_x (162).jpg,tesla_model_x
telsa_model_x (163).jpg,tesla_model_x
telsa_model_x (164).jpg,tesla_model_x
telsa_model_x (165).jpg,tesla_model_x
telsa_model_x (166).jpg,tesla_model_x
telsa_model_x (167).jpg,tesla_model_x
telsa_model_x (168).jpg,tesla_model_x
telsa_model_x (169).jpg,tesla_model_x
telsa_model_x (17).jpg,tesla_model_x
telsa_model_x (170).jpg,tesla_model_x
telsa_model_x (171).jpg,tesla_model_x
telsa_model_x (172).jpg,tesla_model_x
telsa_model_x (173).jpg,tesla_model_x
telsa_model_x (174).jpg,tesla_model_x
telsa_model_x (175).jpg,tesla_model_x
telsa_model_x (176).jpg,tesla_model_x
telsa_model_x (177).jpg,tesla_model_x
telsa_model_x (178).jpg,tesla_model_x
telsa_model_x (179).jpg,tesla_model_x
telsa_model_x (18).jpg,tesla_model_x
telsa_model_x (180).jpg,tesla_model_x
telsa_model_x (181).jpg,tesla_model_x
telsa_model_x (182).jpg,tesla_model_x
telsa_model_x (183).jpg,tesla_model_x
telsa_model_x (184).jpg,tesla_model_x
telsa_model_x (185).jpg,tesla_model_x
telsa_model_x (186).jpg,tesla_model_x
telsa_model_x (187).jpg,tesla_model_x
telsa_model_x (188).jpg,tesla_model_x
telsa_model_x (189).jpg,tesla_model_x
telsa_model_x (19).jpg,tesla_model_x
telsa_model_x (190).jpg,tesla_model_x
telsa_model_x (191).jpg,tesla_model_x
telsa_model_x (192).jpg,tesla_model_x
telsa_model_x (193).jpg,tesla_model_x
telsa_model_x (194).jpg,tesla_model_x
telsa_model_x (195).jpg,tesla_model_x
telsa_model_x (196).jpg,tesla_model_x
telsa_model_x (197).jpg,tesla_model_x
telsa_model_x (198).jpg,tesla_model_x
telsa_model_x (199).jpg,tesla_model_x
telsa_model_x (2).jpeg,tesla_model_x
telsa_model_x (2).jpg,tesla_model_x
telsa_model_x (2).png,tesla_model_x
telsa_model_x (20).jpg,tesla_model_x
telsa_model_x (200).jpg,tesla_model_x
telsa_model_x (201).jpg,tesla_model_x
telsa_model_x (202).jpg,tesla_model_x
telsa_model_x (203).jpg,tesla_model_x
telsa_model_x (204).jpg,tesla_model_x
telsa_model_x (205).jpg,tesla_model_x
telsa_model_x (206).jpg,tesla_model_x
telsa_model_x (207).jpg,tesla_model_x
telsa_model_x (208).jpg,tesla_model_x
telsa_model_x (209).jpg,tesla_model_x
telsa_model_x (21).jpg,tesla_model_x
telsa_model_x (210).jpg,tesla_model_x
telsa_model_x (211).jpg,tesla_model_x
telsa_model_x (212).jpg,tesla_model_x
telsa_model_x (213).jpg,tesla_model_x
telsa_model_x (214).jpg,tesla_model_x
telsa_model_x (215).jpg,tesla_model_x
telsa_model_x (216).jpg,tesla_model_x
telsa_model_x (217).jpg,tesla_model_x
telsa_model_x (218).jpg,tesla_model_x
telsa_model_x (219).jpg,tesla_model_x
telsa_model_x (22).jpg,tesla_model_x
telsa_model_x (220).jpg,tesla_model_x
telsa_model_x (221).jpg,tesla_model_x
telsa_model_x (222).jpg,tesla_model_x
telsa_model_x (223).jpg,tesla_model_x
telsa_model_x (224).jpg,tesla_model_x
telsa_model_x (225).jpg,tesla_model_x
telsa_model_x (226).jpg,tesla_model_x
telsa_model_x (227).jpg,tesla_model_x
telsa_model_x (228).JPG,tesla_model_x
telsa_model_x (229).jpg,tesla_model_x
telsa_model_x (23).jpg,tesla_model_x
telsa_model_x (230).jpg,tesla_model_x
telsa_model_x (231).jpg,tesla_model_x
telsa_model_x (232).jpg,tesla_model_x
telsa_model_x (233).jpg,tesla_model_x
telsa_model_x (234).jpg,tesla_model_x
telsa_model_x (235).jpg,tesla_model_x
telsa_model_x (24).jpg,tesla_model_x
telsa_model_x (25).jpg,tesla_model_x
telsa_model_x (26).jpg,tesla_model_x
telsa_model_x (27).jpg,tesla_model_x
telsa_model_x (28).jpg,tesla_model_x
telsa_model_x (29).jpg,tesla_model_x
telsa_model_x (3).jpeg,tesla_model_x
telsa_model_x (3).jpg,tesla_model_x
telsa_model_x (3).png,tesla_model_x
telsa_model_x (30).jpg,tesla_model_x
telsa_model_x (31).jpg,tesla_model_x
telsa_model_x (32).jpg,tesla_model_x
telsa_model_x (33).jpg,tesla_model_x
telsa_model_x (34).jpg,tesla_model_x
telsa_model_x (35).jpg,tesla_model_x
telsa_model_x (36).jpg,tesla_model_x
telsa_model_x (37).jpg,tesla_model_x
telsa_model_x (38).jpg,tesla_model_x
telsa_model_x (39).jpg,tesla_model_x
telsa_model_x (4).jpeg,tesla_model_x
telsa_model_x (4).jpg,tesla_model_x
telsa_model_x (4).png,tesla_model_x
telsa_model_x (40).jpg,tesla_model_x
telsa_model_x (41).jpg,tesla_model_x
telsa_model_x (42).jpg,tesla_model_x
telsa_model_x (43).jpg,tesla_model_x
telsa_model_x (44).jpg,tesla_model_x
telsa_model_x (45).jpg,tesla_model_x
telsa_model_x (46).jpg,tesla_model_x
telsa_model_x (47).jpg,tesla_model_x
telsa_model_x (48).jpg,tesla_model_x
telsa_model_x (49).jpg,tesla_model_x
telsa_model_x (5).jpeg,tesla_model_x
telsa_model_x (5).jpg,tesla_model_x
telsa_model_x (5).png,tesla_model_x
telsa_model_x (50).jpg,tesla_model_x
telsa_model_x (51).jpg,tesla_model_x
telsa_model_x (52).jpg,tesla_model_x
telsa_model_x (53).jpg,tesla_model_x
telsa_model_x (54).jpg,tesla_model_x
telsa_model_x (55).jpg,tesla_model_x
telsa_model_x (56).jpg,tesla_model_x
telsa_model_x (57).jpg,tesla_model_x
telsa_model_x (58).jpg,tesla_model_x
telsa_model_x (59).jpg,tesla_model_x
telsa_model_x (6).jpeg,tesla_model_x
telsa_model_x (6).jpg,tesla_model_x
telsa_model_x (6).png,tesla_model_x
telsa_model_x (60).jpg,tesla_model_x
telsa_model_x (61).jpg,tesla_model_x
telsa_model_x (62).jpg,tesla_model_x
telsa_model_x (63).jpg,tesla_model_x
telsa_model_x (64).jpg,tesla_model_x
telsa_model_x (65).jpg,tesla_model_x
telsa_model_x (66).jpg,tesla_model_x
telsa_model_x (67).jpg,tesla_model_x
telsa_model_x (68).jpg,tesla_model_x
telsa_model_x (69).jpg,tesla_model_x
telsa_model_x (7).jpeg,tesla_model_x
telsa_model_x (7).jpg,tesla_model_x
telsa_model_x (7).png,tesla_model_x
telsa_model_x (70).jpg,tesla_model_x
telsa_model_x (71).jpg,tesla_model_x
telsa_model_x (72).jpg,tesla_model_x
telsa_model_x (73).jpg,tesla_model_x
telsa_model_x (74).jpg,tesla_model_x
telsa_model_x (75).jpg,tesla_model_x
telsa_model_x (76).jpg,tesla_model_x
telsa_model_x (77).jpg,tesla_model_x
telsa_model_x (78).jpg,tesla_model_x
telsa_model_x (79).jpg,tesla_model_x
telsa_model_x (8).jpeg,tesla_model_x
telsa_model_x (8).jpg,tesla_model_x
telsa_model_x (80).JPG,tesla_model_x
telsa_model_x (81).jpg,tesla_model_x
telsa_model_x (82).jpg,tesla_model_x
telsa_model_x (83).jpg,tesla_model_x
telsa_model_x (84).jpg,tesla_model_x
telsa_model_x (85).jpg,tesla_model_x
telsa_model_x (86).jpg,tesla_model_x
telsa_model_x (87).jpg,tesla_model_x
telsa_model_x (88).jpg,tesla_model_x
telsa_model_x (89).jpg,tesla_model_x
telsa_model_x (9).jpg,tesla_model_x
telsa_model_x (90).jpg,tesla_model_x
telsa_model_x (91).jpg,tesla_model_x
telsa_model_x (92).jpg,tesla_model_x
telsa_model_x (93).jpg,tesla_model_x
telsa_model_x (94).jpg,tesla_model_x
telsa_model_x (95).jpg,tesla_model_x
telsa_model_x (96).jpg,tesla_model_x
telsa_model_x (97).jpg,tesla_model_x
telsa_model_x (98).jpg,tesla_model_x
telsa_model_x (99).jpg,tesla_model_x
telsa_model_y (1).jpeg,tesla_model_y
telsa_model_y (1).jpg,tesla_model_y
telsa_model_y (1).png,tesla_model_y
telsa_model_y (10).jpg,tesla_model_y
telsa_model_y (100).jpg,tesla_model_y
telsa_model_y (101).jpg,tesla_model_y
telsa_model_y (102).jpg,tesla_model_y
telsa_model_y (103).jpg,tesla_model_y
telsa_model_y (104).jpg,tesla_model_y
telsa_model_y (105).jpg,tesla_model_y
telsa_model_y (106).jpg,tesla_model_y
telsa_model_y (107).jpg,tesla_model_y
telsa_model_y (108).jpg,tesla_model_y
telsa_model_y (109).jpg,tesla_model_y
telsa_model_y (11).jpg,tesla_model_y
telsa_model_y (110).jpg,tesla_model_y
telsa_model_y (111).jpg,tesla_model_y
telsa_model_y (112).jpg,tesla_model_y
telsa_model_y (113).jpg,tesla_model_y
telsa_model_y (114).jpg,tesla_model_y
telsa_model_y (115).jpg,tesla_model_y
telsa_model_y (116).jpg,tesla_model_y
telsa_model_y (117).jpg,tesla_model_y
telsa_model_y (118).jpg,tesla_model_y
telsa_model_y (119).jpg,tesla_model_y
telsa_model_y (12).jpg,tesla_model_y
telsa_model_y (120).jpg,tesla_model_y
telsa_model_y (121).jpg,tesla_model_y
telsa_model_y (122).jpg,tesla_model_y
telsa_model_y (123).jpg,tesla_model_y
telsa_model_y (124).jpg,tesla_model_y
telsa_model_y (13).jpg,tesla_model_y
telsa_model_y (14).jpg,tesla_model_y
telsa_model_y (15).jpg,tesla_model_y
telsa_model_y (16).jpg,tesla_model_y
telsa_model_y (17).jpg,tesla_model_y
telsa_model_y (18).jpg,tesla_model_y
telsa_model_y (19).jpg,tesla_model_y
telsa_model_y (2).jpeg,tesla_model_y
telsa_model_y (2).jpg,tesla_model_y
telsa_model_y (2).png,tesla_model_y
telsa_model_y (20).jpg,tesla_model_y
telsa_model_y (21).jpg,tesla_model_y
telsa_model_y (22).jpg,tesla_model_y
telsa_model_y (23).jpg,tesla_model_y
telsa_model_y (24).jpg,tesla_model_y
telsa_model_y (25).jpg,tesla_model_y
telsa_model_y (26).jpg,tesla_model_y
telsa_model_y (27).jpg,tesla_model_y
telsa_model_y (28).jpg,tesla_model_y
telsa_model_y (29).jpg,tesla_model_y
telsa_model_y (3).jpeg,tesla_model_y
telsa_model_y (3).jpg,tesla_model_y
telsa_model_y (3).png,tesla_model_y
telsa_model_y (30).jpg,tesla_model_y
telsa_model_y (31).jpg,tesla_model_y
telsa_model_y (32).jpg,tesla_model_y
telsa_model_y (33).jpg,tesla_model_y
telsa_model_y (34).jpg,tesla_model_y
telsa_model_y (35).jpg,tesla_model_y
telsa_model_y (36).jpg,tesla_model_y
telsa_model_y (37).jpg,tesla_model_y
telsa_model_y (38).jpg,tesla_model_y
telsa_model_y (39).jpg,tesla_model_y
telsa_model_y (4).jpg,tesla_model_y
telsa_model_y (4).png,tesla_model_y
telsa_model_y (40).jpg,tesla_model_y
telsa_model_y (41).jpg,tesla_model_y
telsa_model_y (42).jpg,tesla_model_y
telsa_model_y (43).jpg,tesla_model_y
telsa_model_y (44).jpg,tesla_model_y
telsa_model_y (45).jpg,tesla_model_y
telsa_model_y (46).jpg,tesla_model_y
telsa_model_y (47).jpg,tesla_model_y
telsa_model_y (48).jpg,tesla_model_y
telsa_model_y (49).jpg,tesla_model_y
telsa_model_y (5).jpg,tesla_model_y
telsa_model_y (5).png,tesla_model_y
telsa_model_y (50).jpg,tesla_model_y
telsa_model_y (51).jpg,tesla_model_y
telsa_model_y (52).jpg,tesla_model_y
telsa_model_y (53).jpg,tesla_model_y
telsa_model_y (54).jpg,tesla_model_y
telsa_model_y (55).jpg,tesla_model_y
telsa_model_y (56).jpg,tesla_model_y
telsa_model_y (57).jpg,tesla_model_y
telsa_model_y (58).jpg,tesla_model_y
telsa_model_y (59).jpg,tesla_model_y
telsa_model_y (6).jpg,tesla_model_y
telsa_model_y (6).png,tesla_model_y
telsa_model_y (60).jpg,tesla_model_y
telsa_model_y (61).jpg,tesla_model_y
telsa_model_y (62).jpg,tesla_model_y
telsa_model_y (63).jpg,tesla_model_y
telsa_model_y (64).jpg,tesla_model_y
telsa_model_y (65).jpg,tesla_model_y
telsa_model_y (66).jpg,tesla_model_y
telsa_model_y (67).jpg,tesla_model_y
telsa_model_y (68).jpg,tesla_model_y
telsa_model_y (69).jpg,tesla_model_y
telsa_model_y (7).jpg,tesla_model_y
telsa_model_y (7).png,tesla_model_y
telsa_model_y (70).jpg,tesla_model_y
telsa_model_y (71).jpg,tesla_model_y
telsa_model_y (72).jpg,tesla_model_y
telsa_model_y (73).jpg,tesla_model_y
telsa_model_y (74).jpg,tesla_model_y
telsa_model_y (75).jpg,tesla_model_y
telsa_model_y (76).jpg,tesla_model_y
telsa_model_y (77).jpg,tesla_model_y
telsa_model_y (78).jpg,tesla_model_y
telsa_model_y (79).jpg,tesla_model_y
telsa_model_y (8).jpg,tesla_model_y
telsa_model_y (80).jpg,tesla_model_y
telsa_model_y (81).jpg,tesla_model_y
telsa_model_y (82).jpg,tesla_model_y
telsa_model_y (83).jpg,tesla_model_y
telsa_model_y (84).jpg,tesla_model_y
telsa_model_y (85).jpg,tesla_model_y
telsa_model_y (86).jpg,tesla_model_y
telsa_model_y (87).jpg,tesla_model_y
telsa_model_y (88).jpg,tesla_model_y
telsa_model_y (89).jpg,tesla_model_y
telsa_model_y (9).jpg,tesla_model_y
telsa_model_y (90).jpg,tesla_model_y
telsa_model_y (91).jpg,tesla_model_y
telsa_model_y (92).jpg,tesla_model_y
telsa_model_y (93).jpg,tesla_model_y
telsa_model_y (94).jpg,tesla_model_y
telsa_model_y (95).jpg,tesla_model_y
telsa_model_y (96).jpg,tesla_model_y
telsa_model_y (97).jpg,tesla_model_y
telsa_model_y (98).jpg,tesla_model_y
telsa_model_y (99).jpg,tesla_model_y
telsa_roadster (1).jpeg,telsa_roadster
telsa_roadster (1).jpg,telsa_roadster
telsa_roadster (1).jpg_ve_1&tl_1,telsa_roadster
telsa_roadster (1).png,telsa_roadster
telsa_roadster (10).jpg,telsa_roadster
telsa_roadster (100).jpg,telsa_roadster
telsa_roadster (101).jpg,telsa_roadster
telsa_roadster (102).jpg,telsa_roadster
telsa_roadster (103).jpg,telsa_roadster
telsa_roadster (104).jpg,telsa_roadster
telsa_roadster (105).jpg,telsa_roadster
telsa_roadster (106).jpg,telsa_roadster
telsa_roadster (11).jpg,telsa_roadster
telsa_roadster (12).jpg,telsa_roadster
telsa_roadster (13).jpg,telsa_roadster
telsa_roadster (14).jpg,telsa_roadster
telsa_roadster (15).jpg,telsa_roadster
telsa_roadster (16).jpg,telsa_roadster
telsa_roadster (17).jpg,telsa_roadster
telsa_roadster (18).jpg,telsa_roadster
telsa_roadster (19).jpg,telsa_roadster
telsa_roadster (2).jpeg,telsa_roadster
telsa_roadster (2).jpg,telsa_roadster
telsa_roadster (2).png,telsa_roadster
telsa_roadster (20).jpg,telsa_roadster
telsa_roadster (21).jpg,telsa_roadster
telsa_roadster (22).jpg,telsa_roadster
telsa_roadster (23).jpg,telsa_roadster
telsa_roadster (24).jpg,telsa_roadster
telsa_roadster (25).jpg,telsa_roadster
telsa_roadster (26).jpg,telsa_roadster
telsa_roadster (27).jpg,telsa_roadster
telsa_roadster (28).jpg,telsa_roadster
telsa_roadster (29).jpg,telsa_roadster
telsa_roadster (3).jpeg,telsa_roadster
telsa_roadster (3).jpg,telsa_roadster
telsa_roadster (3).png,telsa_roadster
telsa_roadster (30).jpg,telsa_roadster
telsa_roadster (31).jpg,telsa_roadster
telsa_roadster (32).jpg,telsa_roadster
telsa_roadster (33).JPG,telsa_roadster
telsa_roadster (34).jpg,telsa_roadster
telsa_roadster (35).jpg,telsa_roadster
telsa_roadster (36).jpg,telsa_roadster
telsa_roadster (37).jpg,telsa_roadster
telsa_roadster (38).jpg,telsa_roadster
telsa_roadster (39).jpg,telsa_roadster
telsa_roadster (4).jpeg,telsa_roadster
telsa_roadster (4).jpg,telsa_roadster
telsa_roadster (40).jpg,telsa_roadster
telsa_roadster (41).jpg,telsa_roadster
telsa_roadster (42).jpg,telsa_roadster
telsa_roadster (43).jpg,telsa_roadster
telsa_roadster (44).jpg,telsa_roadster
telsa_roadster (45).jpg,telsa_roadster
telsa_roadster (46).jpg,telsa_roadster
telsa_roadster (47).jpg,telsa_roadster
telsa_roadster (48).jpg,telsa_roadster
telsa_roadster (49).jpg,telsa_roadster
telsa_roadster (5).jpeg,telsa_roadster
telsa_roadster (5).jpg,telsa_roadster
telsa_roadster (50).jpg,telsa_roadster
telsa_roadster (51).jpg,telsa_roadster
telsa_roadster (52).jpg,telsa_roadster
telsa_roadster (53).jpg,telsa_roadster
telsa_roadster (54).jpg,telsa_roadster
telsa_roadster (55).jpg,telsa_roadster
telsa_roadster (56).jpg,telsa_roadster
telsa_roadster (57).jpg,telsa_roadster
telsa_roadster (58).jpg,telsa_roadster
telsa_roadster (59).jpg,telsa_roadster
telsa_roadster (6).jpeg,telsa_roadster
telsa_roadster (6).jpg,telsa_roadster
telsa_roadster (60).jpg,telsa_roadster
telsa_roadster (61).jpg,telsa_roadster
telsa_roadster (62).jpg,telsa_roadster
telsa_roadster (63).jpg,telsa_roadster
telsa_roadster (64).jpg,telsa_roadster
telsa_roadster (65).jpg,telsa_roadster
telsa_roadster (66).jpg,telsa_roadster
telsa_roadster (67).jpg,telsa_roadster
telsa_roadster (68).jpg,telsa_roadster
telsa_roadster (69).jpg,telsa_roadster
telsa_roadster (7).jpg,telsa_roadster
telsa_roadster (70).jpg,telsa_roadster
telsa_roadster (71).jpg,telsa_roadster
telsa_roadster (72).jpg,telsa_roadster
telsa_roadster (73).jpg,telsa_roadster
telsa_roadster (74).jpg,telsa_roadster
telsa_roadster (75).jpg,telsa_roadster
telsa_roadster (76).jpg,telsa_roadster
telsa_roadster (77).jpg,telsa_roadster
telsa_roadster (78).jpg,telsa_roadster
telsa_roadster (79).jpg,telsa_roadster
telsa_roadster (8).jpg,telsa_roadster
telsa_roadster (80).jpg,telsa_roadster
telsa_roadster (81).jpg,telsa_roadster
telsa_roadster (82).jpg,telsa_roadster
telsa_roadster (83).jpg,telsa_roadster
telsa_roadster (84).jpg,telsa_roadster
telsa_roadster (85).jpg,telsa_roadster
telsa_roadster (86).jpg,telsa_roadster
telsa_roadster (87).jpg,telsa_roadster
telsa_roadster (88).jpg,telsa_roadster
telsa_roadster (89).jpg,telsa_roadster
telsa_roadster (9).jpg,telsa_roadster
telsa_roadster (90).jpg,telsa_roadster
telsa_roadster (91).jpg,telsa_roadster
telsa_roadster (92).jpg,telsa_roadster
telsa_roadster (93).jpg,telsa_roadster
telsa_roadster (94).jpg,telsa_roadster
telsa_roadster (95).jpg,telsa_roadster
telsa_roadster (96).jpg,telsa_roadster
telsa_roadster (97).jpg,telsa_roadster
telsa_roadster (98).jpg,telsa_roadster
telsa_roadster (99).jpg,telsa_roadster